ground_truth,textrank_rouge1,textrank_rouge2,textrank_rougeL,lexrank_rouge1,lexrank_rouge2,lexrank_rougeL,distilbart_rouge1,distilbart_rouge2,distilbart_rougeL,pegasus_rouge1,pegasus_rouge2,pegasus_rougeL
gpt-4o-mini,0.2090395480225989,0.03409090909090909,0.12429378531073447,0.24844720496894404,0.037500000000000006,0.13664596273291924,0.32999999999999996,0.03517587939698492,0.16499999999999998,0.29296875,0.011764705882352943,0.14453125
groq-llama,0.18072289156626506,0.01818181818181818,0.1325301204819277,0.22666666666666668,0.013422818791946307,0.13333333333333333,0.30158730158730157,0.021276595744680847,0.14285714285714285,0.26530612244897955,0.012295081967213115,0.11836734693877553
