ground_truth,textrank_v2_rouge1,textrank_v2_rouge2,textrank_v2_rougeL,lexrank_v2_rouge1,lexrank_v2_rouge2,lexrank_v2_rougeL,distilbart_v2_rouge1,distilbart_v2_rouge2,distilbart_v2_rougeL,pegasus_v2_rouge1,pegasus_v2_rouge2,pegasus_v2_rougeL
gpt-4o-mini,0.20876826722338207,0.025157232704402517,0.13778705636743216,0.25672877846790887,0.004158004158004158,0.12836438923395443,0.302066772655008,0.028708133971291867,0.13990461049284578,0.2680412371134021,0.0466321243523316,0.13402061855670105
groq-llama,0.18818380743982493,0.013186813186813187,0.1312910284463895,0.2559652928416486,0.008714596949891067,0.1301518438177874,0.2602965403624382,0.016528925619834708,0.11861614497528832,0.2622950819672131,0.038461538461538464,0.1366120218579235
